ontology,uri,overall_score,PURL1,RDF1,OM1,OM2,OM3,OM4_1,OM4_2,OM5_1,OM5_2,FIND1,VOC1,VOC2,VOC3,VOC4,VER1
CBAMReport,https://purl.org/cbam/cbamreport,0.926,pass,pass,pass,pass,fail (4/6),pass,pass,pass,pass,pass,pass,pass,pass,fail (43/189),pass
EmissionQualifParams,https://purl.org/cbam/emissionsqualifyingparameters/,0.913,pass,pass,pass,pass,fail (4/6),pass,pass,pass,pass,pass,pass,pass,pass,fail (1/29),pass
Area_of_import,https://purl.org/cbam/Area_of_import/,0.911,pass,pass,pass,pass,fail (4/6),pass,pass,pass,pass,pass,pass,fail (0/1),pass,pass,pass
Coordinate_System,https://purl.org/cbam/Coordinate_System/,0.911,pass,pass,pass,pass,fail (4/6),pass,pass,pass,pass,pass,pass,fail (0/1),pass,pass,pass
Customs_Procedure,https://purl.org/cbam/Customs_Procedure/,0.911,pass,pass,pass,pass,fail (4/6),pass,pass,pass,pass,pass,pass,fail (0/1),pass,pass,pass
Electricity_Determination,https://purl.org/cbam/Electricity_Determination/,0.911,pass,pass,pass,pass,fail (4/6),pass,pass,pass,pass,pass,pass,fail (0/1),pass,pass,pass
Emission_Report,https://purl.org/cbam/Emission_Report/,0.911,pass,pass,pass,pass,fail (4/6),pass,pass,pass,pass,pass,pass,fail (0/1),pass,pass,pass
Goods_Document,https://purl.org/cbam/Goods_Document/,0.911,pass,pass,pass,pass,fail (4/6),pass,pass,pass,pass,pass,pass,fail (0/1),pass,pass,pass
Instrument,https://purl.org/cbam/Instrument/,0.911,pass,pass,pass,pass,fail (4/6),pass,pass,pass,pass,pass,pass,fail (0/1),pass,pass,pass
Parameter_Value_Type,https://purl.org/cbam/Parameter_Value_Type/,0.911,pass,pass,pass,pass,fail (4/6),pass,pass,pass,pass,pass,pass,fail (0/1),pass,pass,pass
Product_Covered,https://purl.org/cbam/Product_Covered/,0.911,pass,pass,pass,pass,fail (4/6),pass,pass,pass,pass,pass,pass,fail (0/1),pass,pass,pass
Reporting_Rule,https://purl.org/cbam/Reporting_Rule/,0.911,pass,pass,pass,pass,fail (4/6),pass,pass,pass,pass,pass,pass,fail (0/1),pass,pass,pass
Reporting_period,https://purl.org/cbam/Reporting_period/,0.911,pass,pass,pass,pass,fail (4/6),pass,pass,pass,pass,pass,pass,fail (0/1),pass,pass,pass
Role,https://purl.org/cbam/Role/,0.911,pass,pass,pass,pass,fail (4/6),pass,pass,pass,pass,pass,pass,fail (0/1),pass,pass,pass
Source_of_electricity,https://purl.org/cbam/Source_of_electricity/,0.911,pass,pass,pass,pass,fail (4/6),pass,pass,pass,pass,pass,pass,fail (0/1),pass,pass,pass
CNCode,https://purl.org/cbam/CN/,0.844,pass,pass,pass,pass,fail (4/6),pass,pass,pass,pass,pass,pass,fail (0/1),pass,fail (1/15034),pass
Country,https://purl.org/cbam/Country/,0.844,pass,pass,pass,pass,fail (4/6),pass,pass,pass,pass,pass,pass,pass,fail (0/1),fail (0/1),pass
CountryPlus,https://purl.org/cbam/CountryPlus/,0.844,pass,pass,pass,pass,fail (4/6),pass,pass,pass,pass,pass,pass,pass,fail (0/1),fail (0/1),pass
Currency,https://purl.org/cbam/Currency/,0.844,pass,pass,pass,pass,fail (4/6),pass,pass,pass,pass,pass,pass,pass,fail (0/1),fail (0/1),pass
ExchangeRate,https://purl.org/cbam/Exchange_Rate/,0.844,pass,pass,pass,pass,fail (4/6),pass,pass,pass,pass,pass,pass,pass,fail (0/1),fail (0/1),pass
Flag,https://purl.org/cbam/Flag/,0.844,pass,pass,pass,pass,fail (4/6),pass,pass,pass,pass,pass,pass,fail (0/1),pass,fail (0/1),pass
Goods,https://purl.org/cbam/cbam_goods/,0.844,pass,pass,pass,pass,fail (4/6),pass,pass,pass,pass,pass,pass,fail (0/1),pass,fail (0/789),pass
ProductionMethod,https://purl.org/cbam/Production_Method/,0.844,pass,pass,pass,pass,fail (4/6),pass,pass,pass,pass,pass,pass,fail (0/1),pass,fail (0/46),pass
