ontology,uri,score,PURL1,RDF1,OM1,OM2,OM3,OM4_1,OM4_2,OM5_1,OM5_2,FIND1,VOC1,VOC2,VOC3,VOC4,VER1
CBAMReport,https://purl.org/cbam/cbamreport,0.86,pass,pass,pass,pass,fail,pass,fail,pass,pass,pass,pass,pass,pass,fail,pass
EmissionQualifParams,https://purl.org/cbam/emissionsqualifyingparameters/,0.847,pass,pass,pass,pass,fail,pass,fail,pass,pass,pass,pass,pass,pass,fail,pass
Area_of_import,https://purl.org/cbam/Area_of_import/,0.844,pass,pass,pass,pass,fail,pass,fail,pass,pass,pass,pass,fail,pass,pass,pass
Coordinate_System,https://purl.org/cbam/Coordinate_System/,0.844,pass,pass,pass,pass,fail,pass,fail,pass,pass,pass,pass,fail,pass,pass,pass
Customs_Procedure,https://purl.org/cbam/Customs_Procedure/,0.844,pass,pass,pass,pass,fail,pass,fail,pass,pass,pass,pass,fail,pass,pass,pass
Electricity_Determination,https://purl.org/cbam/Electricity_Determination/,0.844,pass,pass,pass,pass,fail,pass,fail,pass,pass,pass,pass,fail,pass,pass,pass
Emission_Report,https://purl.org/cbam/Emission_Report/,0.844,pass,pass,pass,pass,fail,pass,fail,pass,pass,pass,pass,fail,pass,pass,pass
Goods_Document,https://purl.org/cbam/Goods_Document/,0.844,pass,pass,pass,pass,fail,pass,fail,pass,pass,pass,pass,fail,pass,pass,pass
Instrument,https://purl.org/cbam/Instrument/,0.844,pass,pass,pass,pass,fail,pass,fail,pass,pass,pass,pass,fail,pass,pass,pass
Parameter_Value_Type,https://purl.org/cbam/Parameter_Value_Type/,0.844,pass,pass,pass,pass,fail,pass,fail,pass,pass,pass,pass,fail,pass,pass,pass
Product_Covered,https://purl.org/cbam/Product_Covered/,0.844,pass,pass,pass,pass,fail,pass,fail,pass,pass,pass,pass,fail,pass,pass,pass
Reporting_Rule,https://purl.org/cbam/Reporting_Rule/,0.844,pass,pass,pass,pass,fail,pass,fail,pass,pass,pass,pass,fail,pass,pass,pass
Reporting_period,https://purl.org/cbam/Reporting_period/,0.844,pass,pass,pass,pass,fail,pass,fail,pass,pass,pass,pass,fail,pass,pass,pass
Role,https://purl.org/cbam/Role/,0.844,pass,pass,pass,pass,fail,pass,fail,pass,pass,pass,pass,fail,pass,pass,pass
Source_of_electricity,https://purl.org/cbam/Source_of_electricity/,0.844,pass,pass,pass,pass,fail,pass,fail,pass,pass,pass,pass,fail,pass,pass,pass
CNCode,https://purl.org/cbam/CN/,0.778,pass,pass,pass,pass,fail,pass,fail,pass,pass,pass,pass,fail,pass,fail,pass
Country,https://purl.org/cbam/Country/,0.778,pass,pass,pass,pass,fail,pass,fail,pass,pass,pass,pass,pass,fail,fail,pass
CountryPlus,https://purl.org/cbam/CountryPlus/,0.778,pass,pass,pass,pass,fail,pass,fail,pass,pass,pass,pass,pass,fail,fail,pass
Currency,https://purl.org/cbam/Currency/,0.778,pass,pass,pass,pass,fail,pass,fail,pass,pass,pass,pass,pass,fail,fail,pass
ExchangeRate,https://purl.org/cbam/Exchange_Rate/,0.778,pass,pass,pass,pass,fail,pass,fail,pass,pass,pass,pass,pass,fail,fail,pass
Flag,https://purl.org/cbam/Flag/,0.778,pass,pass,pass,pass,fail,pass,fail,pass,pass,pass,pass,fail,pass,fail,pass
Goods,https://purl.org/cbam/cbam_goods/,0.778,pass,pass,pass,pass,fail,pass,fail,pass,pass,pass,pass,fail,pass,fail,pass
ProductionMethod,https://purl.org/cbam/Production_Method/,0.778,pass,pass,pass,pass,fail,pass,fail,pass,pass,pass,pass,fail,pass,fail,pass
