ontology,ontology_uri,F,A,I,R,overall_foops,checks_F,checks_I,checks_R
CBAMReport,https://purl.org/cbam/cbamreport,1.0,not measured,1.0,0.737,0.86,4,3,8
EmissionQualifParams,https://purl.org/cbam/emissionsqualifyingparameters/,1.0,not measured,1.0,0.713,0.847,4,3,8
Area_of_import,https://purl.org/cbam/Area_of_import/,1.0,not measured,0.667,0.833,0.844,4,3,8
Coordinate_System,https://purl.org/cbam/Coordinate_System/,1.0,not measured,0.667,0.833,0.844,4,3,8
Customs_Procedure,https://purl.org/cbam/Customs_Procedure/,1.0,not measured,0.667,0.833,0.844,4,3,8
Electricity_Determination,https://purl.org/cbam/Electricity_Determination/,1.0,not measured,0.667,0.833,0.844,4,3,8
Emission_Report,https://purl.org/cbam/Emission_Report/,1.0,not measured,0.667,0.833,0.844,4,3,8
Goods_Document,https://purl.org/cbam/Goods_Document/,1.0,not measured,0.667,0.833,0.844,4,3,8
Instrument,https://purl.org/cbam/Instrument/,1.0,not measured,0.667,0.833,0.844,4,3,8
Parameter_Value_Type,https://purl.org/cbam/Parameter_Value_Type/,1.0,not measured,0.667,0.833,0.844,4,3,8
Product_Covered,https://purl.org/cbam/Product_Covered/,1.0,not measured,0.667,0.833,0.844,4,3,8
Reporting_Rule,https://purl.org/cbam/Reporting_Rule/,1.0,not measured,0.667,0.833,0.844,4,3,8
Reporting_period,https://purl.org/cbam/Reporting_period/,1.0,not measured,0.667,0.833,0.844,4,3,8
Role,https://purl.org/cbam/Role/,1.0,not measured,0.667,0.833,0.844,4,3,8
Source_of_electricity,https://purl.org/cbam/Source_of_electricity/,1.0,not measured,0.667,0.833,0.844,4,3,8
CNCode,https://purl.org/cbam/CN/,1.0,not measured,0.667,0.708,0.778,4,3,8
Country,https://purl.org/cbam/Country/,1.0,not measured,1.0,0.583,0.778,4,3,8
CountryPlus,https://purl.org/cbam/CountryPlus/,1.0,not measured,1.0,0.583,0.778,4,3,8
Currency,https://purl.org/cbam/Currency/,1.0,not measured,1.0,0.583,0.778,4,3,8
ExchangeRate,https://purl.org/cbam/Exchange_Rate/,1.0,not measured,1.0,0.583,0.778,4,3,8
Flag,https://purl.org/cbam/Flag/,1.0,not measured,0.667,0.708,0.778,4,3,8
Goods,https://purl.org/cbam/cbam_goods/,1.0,not measured,0.667,0.708,0.778,4,3,8
ProductionMethod,https://purl.org/cbam/Production_Method/,1.0,not measured,0.667,0.708,0.778,4,3,8
MEAN,,1.0,not measured,0.754,0.758,0.822,,,
